<?xml version="1.0"?>
<!--
 Licensed to the Apache Software Foundation (ASF) under one or more
 contributor license agreements.  See the NOTICE file distributed with
 this work for additional information regarding copyright ownership.
 The ASF licenses this file to You under the Apache License, Version 2.0
 (the "License"); you may not use this file except in compliance with
 the License.  You may obtain a copy of the License at

     http://www.apache.org/licenses/LICENSE-2.0

 Unless required by applicable law or agreed to in writing, software
 distributed under the License is distributed on an "AS IS" BASIS,
 WITHOUT WARRANTIES OR CONDITIONS OF ANY KIND, either express or implied.
 See the License for the specific language governing permissions and
 limitations under the License.
-->
<document>
<properties>
<author email="cutting@apache.org">Doug Cutting</author>
<title>Overview - Snowball Stemmers for Lucene</title>
</properties>
<body>

<section name="Snowball Stemmers for Lucene">
<p>
This project provides pre-compiled version of the Snowball stemmers
together with classes integrating them with the Lucene search engine.
</p>
</section>

<section name="Download">
<p>
Releases of the stemmers are available
<a href="http://jakarta.apache.org/builds/jakarta-lucene-sandbox/snowball/">
here</a>
</p>
</section>

</body>
</document>

