<?xml version="1.0" encoding="ISO-8859-1"?>
<!--
 Licensed to the Apache Software Foundation (ASF) under one or more
 contributor license agreements.  See the NOTICE file distributed with
 this work for additional information regarding copyright ownership.
 The ASF licenses this file to You under the Apache License, Version 2.0
 (the "License"); you may not use this file except in compliance with
 the License.  You may obtain a copy of the License at

     http://www.apache.org/licenses/LICENSE-2.0

 Unless required by applicable law or agreed to in writing, software
 distributed under the License is distributed on an "AS IS" BASIS,
 WITHOUT WARRANTIES OR CONDITIONS OF ANY KIND, either express or implied.
 See the License for the specific language governing permissions and
 limitations under the License.
-->
<project name="Snowball Stemers for Lucene"
         href="http://jakarta.apache.org/lucene-sandbox/snowball/">

    <title>Snowball Stemmers for Lucene</title>

    <body>
    <menu name="Documentation">
        <item name="Javadoc"           href="/api/index.html"/>
    </menu>

    <menu name="Download">
        <item name="Releases"
              href="http://jakarta.apache.org/builds/jakarta-lucene-sandbox/snowball/"/>
        <item name="CVS Repository"   href="/site/cvsindex.html"/>
    </menu>

    <menu name="Links">
        <item name="Snowball Home" href="http://snowball.tartarus.org/"/>
        <item name="Lucene Home" href="http://jakarta.apache.org/lucene/"/>
        <item name="Lucene Sandbox"
              href="http://jakarta.apache.org/lucene/docs/lucene-sandbox/"/>
    </menu>

    <menu name="Jakarta">
        <item name="Get Involved"          href="/site/getinvolved.html"/>
        <item name="Acknowledgements"      href="/site/acknowledgements.html"/>
        <item name="Contact"               href="/site/contact.html"/>
        <item name="Legal"                 href="/site/legal.html"/>
    </menu>
    </body>
</project>
