<?xml version="1.0" encoding="UTF-8"?><?xml-stylesheet type='text/xsl' href='_UpgradeReport_Files/UpgradeReport.xslt'?><UpgradeLog>
<Properties><Property Name="Solution" Value="AzureDirectory">
</Property><Property Name="Solution File" Value="C:\Users\Matteo Tomasini\Desktop\AzureDirectory.1.0.3\AzureDirectory.sln">
</Property><Property Name="Date" Value="giovedì 7 luglio 2011">
</Property><Property Name="Time" Value="10:08">
</Property></Properties><Event ErrorLevel="0" Project="AzureDirectory" Source="AzureDirectory\AzureDirectory.csproj" Description="Project converted successfully">
</Event><Event ErrorLevel="3" Project="AzureDirectory" Source="AzureDirectory\AzureDirectory.csproj" Description="Converted">
</Event><Event ErrorLevel="0" Project="TestApp" Source="TestApp\TestApp.csproj" Description="Project converted successfully">
</Event><Event ErrorLevel="3" Project="TestApp" Source="TestApp\TestApp.csproj" Description="Converted">
</Event><Event ErrorLevel="0" Project="" Source="AzureDirectory.sln" Description="Solution converted successfully">
</Event><Event ErrorLevel="3" Project="" Source="AzureDirectory.sln" Description="Converted">
</Event><Event ErrorLevel="0" Project="AzureDirectory" Source="AzureDirectory\AzureDirectory.csproj" Description="Scan complete: Upgrade not required for project files.">
</Event><Event ErrorLevel="0" Project="TestApp" Source="TestApp\TestApp.csproj" Description="Scan complete: Upgrade not required for project files.">
</Event></UpgradeLog>